<?xml version="1.0" encoding="UTF-8"?>
<!DOCTYPE suite SYSTEM "https://testng.org/testng-1.0.dtd">
<suite name="Suite">
  <test thread-count="5" name="English">
	<parameter name="propertyFileName" value="English"></parameter>
	<classes>
		<class name="runner.CucumberRunner"></class>
	</classes>
  </test> <!-- Test -->
  <test thread-count="5" name="French">
	<parameter name="propertyFileName" value="French"></parameter>
	<classes>
		<class name="runner.CucumberRunner"></class>
	</classes>
  </test> <!-- Test -->
</suite> <!-- Suite -->
